{
    "id": "3afcf1e2",
    "type": "headline",
    "main_heading": "Oil Prices Drop",
    "content_text": "Investors track US-led efforts to end the war in Ukraine, while looking ahead to an OPEC+ gathering.",
    "display_duration": 15,
    "timestamp": 1764204229,
    "extra_data": {
        "video_url": {
            "url": "https://videos.pexels.com/video-files/4561105/4561105-hd_1920_1080_25fps.mp4",
            "type": "video",
            "matched": true
        },
        "media_url": "https://videos.pexels.com/video-files/29576552/12731017_1280_720_24fps.mp4",
        "media_type": "video",
        "visual_keyword": "Oil Price Fluctuation",
        "visual_matched": true
    }
}