[
  {
    "id": "e6d1a27d",
    "type": "headline",
    "main_heading": "IPHONE 14 PRO MAX REVIEW",
    "content_text": "Latest Apple flagship device reviewed.",
    "display_duration": 15,
    "timestamp": 1764204973,
    "extra_data": {
      "video_url": {
        "url": "https://videos.pexels.com/video-files/4911931/4911931-hd_1280_720_24fps.mp4",
        "type": "video",
        "matched": true
      },
      "media_url": "https://videos.pexels.com/video-files/4911931/4911931-hd_1280_720_24fps.mp4",
      "media_type": "video",
      "visual_keyword": "iPhone 14 Pro Max Review",
      "visual_matched": true
    }
  },
  {
    "id": "70e730cf",
    "type": "headline",
    "main_heading": "HONG KONG FIRE TRAGEDY",
    "content_text": "At least 44 dead, hundreds missing after fire engulfs tower blocks.",
    "display_duration": 15,
    "timestamp": 1764205029,
    "extra_data": {
      "video_url": {
        "url": "https://videos.pexels.com/video-files/34558350/14642885_1280_720_60fps.mp4",
        "type": "video",
        "matched": true
      },
      "media_url": "https://videos.pexels.com/video-files/34921119/14792667_1280_720_60fps.mp4",
      "media_type": "video",
      "visual_keyword": "Fire in Hong Kong",
      "visual_matched": true
    }
  },
  {
    "id": "3f537f36",
    "type": "headline",
    "main_heading": "NORDIC TECH SUCCESS",
    "content_text": "Billion-dollar companies emerging from the region.",
    "display_duration": 15,
    "timestamp": 1764205030,
    "extra_data": {
      "video_url": {
        "url": "https://videos.pexels.com/video-files/5725960/5725960-uhd_2560_1440_30fps.mp4",
        "type": "video",
        "matched": false
      },
      "media_url": "https://videos.pexels.com/video-files/5725960/5725960-uhd_2560_1440_30fps.mp4",
      "media_type": "video",
      "visual_keyword": "Nordic Tech Success",
      "visual_matched": false
    }
  },
  {
    "id": "f6fb000e",
    "type": "headline",
    "main_heading": "US AI INVESTMENTS 2025",
    "content_text": "49 startups raise $100M or more.",
    "display_duration": 15,
    "timestamp": 1764205030,
    "extra_data": {
      "video_url": {
        "url": "https://videos.pexels.com/video-files/34808225/14758255_1280_720_60fps.mp4",
        "type": "video",
        "matched": true
      },
      "media_url": "https://videos.pexels.com/video-files/34920289/14792359_1280_720_30fps.mp4",
      "media_type": "video",
      "visual_keyword": "AI Investments 2025",
      "visual_matched": true
    }
  },
  {
    "id": "eb55d765",
    "type": "headline",
    "main_heading": "THAI PORK INDUSTRY THREAT",
    "content_text": "Competition from US imports looms.",
    "display_duration": 15,
    "timestamp": 1764205031,
    "extra_data": {
      "video_url": {
        "url": "https://videos.pexels.com/video-files/32701592/13942666_1280_720_24fps.mp4",
        "type": "video",
        "matched": true
      },
      "media_url": "https://videos.pexels.com/video-files/32701592/13942666_1280_720_24fps.mp4",
      "media_type": "video",
      "visual_keyword": "Thai Pork Industry",
      "visual_matched": true
    }
  },
  {
    "id": "2657f308",
    "type": "headline",
    "main_heading": "CANADA SUPPORTS INDUSTRIES",
    "content_text": "New plan amid stalled trade talks.",
    "display_duration": 15,
    "timestamp": 1764205032,
    "extra_data": {
      "video_url": {
        "url": "https://videos.pexels.com/video-files/34856688/14772254_1280_720_30fps.mp4",
        "type": "video",
        "matched": true
      },
      "media_url": "https://videos.pexels.com/video-files/7104919/7104919-hd_1920_1080_30fps.mp4",
      "media_type": "video",
      "visual_keyword": "Canada Trade Talks",
      "visual_matched": true
    }
  },
  {
    "id": "ce8cfb06",
    "type": "headline",
    "main_heading": "PHARRELL'S STREETWEAR GROWTH",
    "content_text": "Overseas expansion after IPO.",
    "display_duration": 15,
    "timestamp": 1764205033,
    "extra_data": {
      "video_url": {
        "url": "https://videos.pexels.com/video-files/34934505/14798439_1280_720_30fps.mp4",
        "type": "video",
        "matched": false
      },
      "media_url": "https://videos.pexels.com/video-files/4985551/4985551-hd_1280_720_25fps.mp4",
      "media_type": "video",
      "visual_keyword": "Pharrell Streetwear",
      "visual_matched": false
    }
  },
  {
    "id": "3ae23fe4",
    "type": "headline",
    "main_heading": "OIL PRICE DROP",
    "content_text": "Focus on Ukraine talks and OPEC+.",
    "display_duration": 15,
    "timestamp": 1764205033,
    "extra_data": {
      "video_url": {
        "url": "https://videos.pexels.com/video-files/4561105/4561105-hd_1920_1080_25fps.mp4",
        "type": "video",
        "matched": true
      },
      "media_url": "https://videos.pexels.com/video-files/4561105/4561105-hd_1920_1080_25fps.mp4",
      "media_type": "video",
      "visual_keyword": "Oil Price Drop",
      "visual_matched": true
    }
  },
  {
    "id": "115e6c5a",
    "type": "headline",
    "main_heading": "Test AI News",
    "content_text": "Automated test item",
    "display_duration": 15,
    "timestamp": 1764205208,
    "extra_data": {
      "video_url": "https://videos.pexels.com/video-files/6463890/6463890-hd_1280_720_25fps.mp4",
      "media_url": "https://videos.pexels.com/video-files/6463890/6463890-hd_1280_720_25fps.mp4",
      "media_type": "video"
    }
  },
  {
    "id": "04b24f7b",
    "type": "headline",
    "main_heading": "PORK INDUSTRY FEARS US IMPORTS",
    "content_text": "Thai pork producers face intense competition as the US seeks duty-free access to a $3bn market.",
    "display_duration": 15,
    "timestamp": 1764205348,
    "extra_data": {
      "video_url": {
        "url": "https://videos.pexels.com/video-files/6595371/6595371-uhd_3840_2160_24fps.mp4",
        "type": "video",
        "matched": false
      },
      "media_url": "https://videos.pexels.com/video-files/18711324/18711324-uhd_3840_2160_60fps.mp4",
      "media_type": "video",
      "visual_keyword": "Thailand Pork Industry",
      "visual_matched": true
    }
  },
  {
    "id": "1c5022be",
    "type": "headline",
    "main_heading": "CANADA SUPPORTS LUMBER, STEEL INDUSTRIES",
    "content_text": "New plan announced amid stalled trade talks between Ottawa and Washington.",
    "display_duration": 15,
    "timestamp": 1764205349,
    "extra_data": {
      "video_url": {
        "url": "https://videos.pexels.com/video-files/29974690/12862957_1280_720_24fps.mp4",
        "type": "video",
        "matched": true
      },
      "media_url": "https://videos.pexels.com/video-files/30960964/13236233_1280_720_24fps.mp4",
      "media_type": "video",
      "visual_keyword": "Canada Tariffs Impact",
      "visual_matched": true
    }
  },
  {
    "id": "204caff4",
    "type": "headline",
    "main_heading": "HONG KONG TOWER BLOCK FIRE",
    "content_text": "At least 44 dead and hundreds missing after fire engulfs Hong Kong tower blocks.",
    "display_duration": 15,
    "timestamp": 1764205349,
    "extra_data": {
      "video_url": {
        "url": "https://videos.pexels.com/video-files/6829953/6829953-uhd_2732_1440_30fps.mp4",
        "type": "video",
        "matched": true
      },
      "media_url": "https://videos.pexels.com/video-files/25792662/11910086_1280_720_30fps.mp4",
      "media_type": "video",
      "visual_keyword": "Hong Kong Fire Disaster",
      "visual_matched": true
    }
  },
  {
    "id": "dbe7d98a",
    "type": "headline",
    "main_heading": "NORDIC FOUNDERS TAKING BIGGER SWINGS",
    "content_text": "Billion-dollar companies emerging from the region's tech scene.",
    "display_duration": 15,
    "timestamp": 1764205350,
    "extra_data": {
      "video_url": {
        "url": "https://videos.pexels.com/video-files/34899279/14784174_1280_720_30fps.mp4",
        "type": "video",
        "matched": true
      },
      "media_url": "https://videos.pexels.com/video-files/6794223/6794223-uhd_3840_2160_30fps.mp4",
      "media_type": "video",
      "visual_keyword": "Nordic Tech Success",
      "visual_matched": false
    }
  },
  {
    "id": "ffdc7523",
    "type": "headline",
    "main_heading": "49 US AI STARTUPS RAISE $100M+",
    "content_text": "Last year was monumental for the AI industry in the U.S., how will 2025 compare?",
    "display_duration": 15,
    "timestamp": 1764205351,
    "extra_data": {
      "video_url": {
        "url": "https://videos.pexels.com/video-files/8566717/8566717-uhd_2560_1440_30fps.mp4",
        "type": "video",
        "matched": false
      },
      "media_url": "https://videos.pexels.com/video-files/2835985/2835985-hd_1280_720_24fps.mp4",
      "media_type": "video",
      "visual_keyword": "US AI Industry Growth",
      "visual_matched": false
    }
  },
  {
    "id": "91f515db",
    "type": "headline",
    "main_heading": "PHARRELL-BACKED STREETWEAR IPO",
    "content_text": "DJ-turned-designer Nigo transforming Japan's street culture into an investable asset.",
    "display_duration": 15,
    "timestamp": 1764205351,
    "extra_data": {
      "video_url": {
        "url": "https://videos.pexels.com/video-files/3374591/3374591-hd_1280_720_24fps.mp4",
        "type": "video",
        "matched": false
      },
      "media_url": "https://videos.pexels.com/video-files/4985551/4985551-hd_1280_720_25fps.mp4",
      "media_type": "video",
      "visual_keyword": "Pharrell Streetwear IPO",
      "visual_matched": false
    }
  },
  {
    "id": "6271cd42",
    "type": "headline",
    "main_heading": "OIL PRICES DROP AMID UKRAINE TALKS",
    "content_text": "Oil edges lower as investors track US-led efforts to end the war in Ukraine.",
    "display_duration": 15,
    "timestamp": 1764205352,
    "extra_data": {
      "video_url": {
        "url": "https://videos.pexels.com/video-files/4561105/4561105-hd_1920_1080_25fps.mp4",
        "type": "video",
        "matched": true
      },
      "media_url": "https://videos.pexels.com/video-files/6629848/6629848-uhd_2732_1440_25fps.mp4",
      "media_type": "video",
      "visual_keyword": "Ukraine Peace Talks and Oil Prices",
      "visual_matched": true
    }
  },
  {
    "id": "80b1aa20",
    "type": "headline",
    "main_heading": "PORK INDUSTRY FEARS US IMPORTS",
    "content_text": "Thai pork producers brace for competition as the US seeks duty-free access to a $3bn market.",
    "display_duration": 15,
    "timestamp": 1764205604,
    "extra_data": {
      "video_url": {
        "url": "https://videos.pexels.com/video-files/6595371/6595371-uhd_3840_2160_24fps.mp4",
        "type": "video",
        "matched": false
      },
      "media_url": "https://videos.pexels.com/video-files/18711324/18711324-uhd_3840_2160_60fps.mp4",
      "media_type": "video",
      "visual_keyword": "Thailand Pork Industry",
      "visual_matched": true
    }
  },
  {
    "id": "93e0bb9c",
    "type": "headline",
    "main_heading": "CANADA SUPPORTS LUMBER, STEEL INDUSTRIES",
    "content_text": "New plan announced amid stalled trade talks between Ottawa and Washington.",
    "display_duration": 15,
    "timestamp": 1764205612,
    "extra_data": {
      "video_url": {
        "url": "https://videos.pexels.com/video-files/29974690/12862957_1280_720_24fps.mp4",
        "type": "video",
        "matched": true
      },
      "media_url": "https://videos.pexels.com/video-files/30960964/13236233_1280_720_24fps.mp4",
      "media_type": "video",
      "visual_keyword": "Canada Tariffs Impact",
      "visual_matched": true
    }
  },
  {
    "id": "210cdd21",
    "type": "headline",
    "main_heading": "Test AI News",
    "content_text": "Automated test item",
    "display_duration": 15,
    "timestamp": 1764205808,
    "extra_data": {
      "video_url": "https://videos.pexels.com/video-files/6463890/6463890-hd_1280_720_25fps.mp4",
      "media_url": "https://videos.pexels.com/video-files/6463890/6463890-hd_1280_720_25fps.mp4",
      "media_type": "video"
    }
  },
  {
    "id": "490d0ba5",
    "type": "headline",
    "main_heading": "Test AI News",
    "content_text": "Automated test item",
    "display_duration": 15,
    "timestamp": 1764206408,
    "extra_data": {
      "video_url": "https://videos.pexels.com/video-files/6463890/6463890-hd_1280_720_25fps.mp4",
      "media_url": "https://videos.pexels.com/video-files/6463890/6463890-hd_1280_720_25fps.mp4",
      "media_type": "video"
    }
  },
  {
    "id": "f7d845d5",
    "type": "headline",
    "main_heading": "Test AI News",
    "content_text": "Automated test item",
    "display_duration": 15,
    "timestamp": 1764207009,
    "extra_data": {
      "video_url": "https://videos.pexels.com/video-files/6463890/6463890-hd_1280_720_25fps.mp4",
      "media_url": "https://videos.pexels.com/video-files/6463890/6463890-hd_1280_720_25fps.mp4",
      "media_type": "video"
    }
  },
  {
    "id": "b30a1248",
    "type": "headline",
    "main_heading": "Test AI News",
    "content_text": "Automated test item",
    "display_duration": 15,
    "timestamp": 1764207608,
    "extra_data": {
      "video_url": "https://videos.pexels.com/video-files/6463890/6463890-hd_1280_720_25fps.mp4",
      "media_url": "https://videos.pexels.com/video-files/6463890/6463890-hd_1280_720_25fps.mp4",
      "media_type": "video"
    }
  },
  {
    "id": "ed9e1ca2",
    "type": "headline",
    "main_heading": "Test AI News",
    "content_text": "Automated test item",
    "display_duration": 15,
    "timestamp": 1764208208,
    "extra_data": {
      "video_url": "https://videos.pexels.com/video-files/6463890/6463890-hd_1280_720_25fps.mp4",
      "media_url": "https://videos.pexels.com/video-files/6463890/6463890-hd_1280_720_25fps.mp4",
      "media_type": "video"
    }
  },
  {
    "id": "123d1aa5",
    "type": "headline",
    "main_heading": "Test AI News",
    "content_text": "Automated test item",
    "display_duration": 15,
    "timestamp": 1764208808,
    "extra_data": {
      "video_url": "https://videos.pexels.com/video-files/6463890/6463890-hd_1280_720_25fps.mp4",
      "media_url": "https://videos.pexels.com/video-files/6463890/6463890-hd_1280_720_25fps.mp4",
      "media_type": "video"
    }
  },
  {
    "id": "1382c4f7",
    "type": "headline",
    "main_heading": "Test AI News",
    "content_text": "Automated test item",
    "display_duration": 15,
    "timestamp": 1764209408,
    "extra_data": {
      "video_url": "https://videos.pexels.com/video-files/6463890/6463890-hd_1280_720_25fps.mp4",
      "media_url": "https://videos.pexels.com/video-files/6463890/6463890-hd_1280_720_25fps.mp4",
      "media_type": "video"
    }
  },
  {
    "id": "4957db74",
    "type": "headline",
    "main_heading": "Test AI News",
    "content_text": "Automated test item",
    "display_duration": 15,
    "timestamp": 1764210009,
    "extra_data": {
      "video_url": "https://videos.pexels.com/video-files/6463890/6463890-hd_1280_720_25fps.mp4",
      "media_url": "https://videos.pexels.com/video-files/6463890/6463890-hd_1280_720_25fps.mp4",
      "media_type": "video"
    }
  },
  {
    "id": "78a2f33b",
    "type": "headline",
    "main_heading": "Test AI News",
    "content_text": "Automated test item",
    "display_duration": 15,
    "timestamp": 1764210608,
    "extra_data": {
      "video_url": "https://videos.pexels.com/video-files/6463890/6463890-hd_1280_720_25fps.mp4",
      "media_url": "https://videos.pexels.com/video-files/6463890/6463890-hd_1280_720_25fps.mp4",
      "media_type": "video"
    }
  },
  {
    "id": "ed123ef8",
    "type": "headline",
    "main_heading": "Test AI News",
    "content_text": "Automated test item",
    "display_duration": 15,
    "timestamp": 1764211208,
    "extra_data": {
      "video_url": "https://videos.pexels.com/video-files/6463890/6463890-hd_1280_720_25fps.mp4",
      "media_url": "https://videos.pexels.com/video-files/6463890/6463890-hd_1280_720_25fps.mp4",
      "media_type": "video"
    }
  },
  {
    "id": "a1ebcdd2",
    "type": "headline",
    "main_heading": "Test AI News",
    "content_text": "Automated test item",
    "display_duration": 15,
    "timestamp": 1764211808,
    "extra_data": {
      "video_url": "https://videos.pexels.com/video-files/6463890/6463890-hd_1280_720_25fps.mp4",
      "media_url": "https://videos.pexels.com/video-files/6463890/6463890-hd_1280_720_25fps.mp4",
      "media_type": "video"
    }
  },
  {
    "id": "bfb6e6f1",
    "type": "headline",
    "main_heading": "Test AI News",
    "content_text": "Automated test item",
    "display_duration": 15,
    "timestamp": 1764212408,
    "extra_data": {
      "video_url": "https://videos.pexels.com/video-files/6463890/6463890-hd_1280_720_25fps.mp4",
      "media_url": "https://videos.pexels.com/video-files/6463890/6463890-hd_1280_720_25fps.mp4",
      "media_type": "video"
    }
  },
  {
    "id": "6acc92ab",
    "type": "headline",
    "main_heading": "Test AI News",
    "content_text": "Automated test item",
    "display_duration": 15,
    "timestamp": 1764213008,
    "extra_data": {
      "video_url": "https://videos.pexels.com/video-files/6463890/6463890-hd_1280_720_25fps.mp4",
      "media_url": "https://videos.pexels.com/video-files/6463890/6463890-hd_1280_720_25fps.mp4",
      "media_type": "video"
    }
  },
  {
    "id": "b3eb2c94",
    "type": "headline",
    "main_heading": "Test AI News",
    "content_text": "Automated test item",
    "display_duration": 15,
    "timestamp": 1764213608,
    "extra_data": {
      "video_url": "https://videos.pexels.com/video-files/6463890/6463890-hd_1280_720_25fps.mp4",
      "media_url": "https://videos.pexels.com/video-files/6463890/6463890-hd_1280_720_25fps.mp4",
      "media_type": "video"
    }
  },
  {
    "id": "97242ddc",
    "type": "headline",
    "main_heading": "Test AI News",
    "content_text": "Automated test item",
    "display_duration": 15,
    "timestamp": 1764214208,
    "extra_data": {
      "video_url": "https://videos.pexels.com/video-files/6463890/6463890-hd_1280_720_25fps.mp4",
      "media_url": "https://videos.pexels.com/video-files/6463890/6463890-hd_1280_720_25fps.mp4",
      "media_type": "video"
    }
  },
  {
    "id": "a202d0d2",
    "type": "headline",
    "main_heading": "Test AI News",
    "content_text": "Automated test item",
    "display_duration": 15,
    "timestamp": 1764214807,
    "extra_data": {
      "video_url": "https://videos.pexels.com/video-files/6463890/6463890-hd_1280_720_25fps.mp4",
      "media_url": "https://videos.pexels.com/video-files/6463890/6463890-hd_1280_720_25fps.mp4",
      "media_type": "video"
    }
  },
  {
    "id": "e80761f6",
    "type": "headline",
    "main_heading": "Test AI News",
    "content_text": "Automated test item",
    "display_duration": 15,
    "timestamp": 1764215408,
    "extra_data": {
      "video_url": "https://videos.pexels.com/video-files/6463890/6463890-hd_1280_720_25fps.mp4",
      "media_url": "https://videos.pexels.com/video-files/6463890/6463890-hd_1280_720_25fps.mp4",
      "media_type": "video"
    }
  },
  {
    "id": "e564d8b1",
    "type": "headline",
    "main_heading": "Test AI News",
    "content_text": "Automated test item",
    "display_duration": 15,
    "timestamp": 1764216008,
    "extra_data": {
      "video_url": "https://videos.pexels.com/video-files/6463890/6463890-hd_1280_720_25fps.mp4",
      "media_url": "https://videos.pexels.com/video-files/6463890/6463890-hd_1280_720_25fps.mp4",
      "media_type": "video"
    }
  },
  {
    "id": "4365b099",
    "type": "headline",
    "main_heading": "Test AI News",
    "content_text": "Automated test item",
    "display_duration": 15,
    "timestamp": 1764216607,
    "extra_data": {
      "video_url": "https://videos.pexels.com/video-files/6463890/6463890-hd_1280_720_25fps.mp4",
      "media_url": "https://videos.pexels.com/video-files/6463890/6463890-hd_1280_720_25fps.mp4",
      "media_type": "video"
    }
  },
  {
    "id": "7810fb70",
    "type": "headline",
    "main_heading": "Test AI News",
    "content_text": "Automated test item",
    "display_duration": 15,
    "timestamp": 1764217207,
    "extra_data": {
      "video_url": "https://videos.pexels.com/video-files/6463890/6463890-hd_1280_720_25fps.mp4",
      "media_url": "https://videos.pexels.com/video-files/6463890/6463890-hd_1280_720_25fps.mp4",
      "media_type": "video"
    }
  },
  {
    "id": "a3c42959",
    "type": "headline",
    "main_heading": "Test AI News",
    "content_text": "Automated test item",
    "display_duration": 15,
    "timestamp": 1764217808,
    "extra_data": {
      "video_url": "https://videos.pexels.com/video-files/6463890/6463890-hd_1280_720_25fps.mp4",
      "media_url": "https://videos.pexels.com/video-files/6463890/6463890-hd_1280_720_25fps.mp4",
      "media_type": "video"
    }
  },
  {
    "id": "505a1113",
    "type": "headline",
    "main_heading": "Test AI News",
    "content_text": "Automated test item",
    "display_duration": 15,
    "timestamp": 1764218408,
    "extra_data": {
      "video_url": "https://videos.pexels.com/video-files/6463890/6463890-hd_1280_720_25fps.mp4",
      "media_url": "https://videos.pexels.com/video-files/6463890/6463890-hd_1280_720_25fps.mp4",
      "media_type": "video"
    }
  },
  {
    "id": "140c88de",
    "type": "headline",
    "main_heading": "Test AI News",
    "content_text": "Automated test item",
    "display_duration": 15,
    "timestamp": 1764219008,
    "extra_data": {
      "video_url": "https://videos.pexels.com/video-files/6463890/6463890-hd_1280_720_25fps.mp4",
      "media_url": "https://videos.pexels.com/video-files/6463890/6463890-hd_1280_720_25fps.mp4",
      "media_type": "video"
    }
  },
  {
    "id": "8a9cd595",
    "type": "headline",
    "main_heading": "Test AI News",
    "content_text": "Automated test item",
    "display_duration": 15,
    "timestamp": 1764219607,
    "extra_data": {
      "video_url": "https://videos.pexels.com/video-files/6463890/6463890-hd_1280_720_25fps.mp4",
      "media_url": "https://videos.pexels.com/video-files/6463890/6463890-hd_1280_720_25fps.mp4",
      "media_type": "video"
    }
  },
  {
    "id": "7b82f970",
    "type": "headline",
    "main_heading": "Test AI News",
    "content_text": "Automated test item",
    "display_duration": 15,
    "timestamp": 1764220208,
    "extra_data": {
      "video_url": "https://videos.pexels.com/video-files/6463890/6463890-hd_1280_720_25fps.mp4",
      "media_url": "https://videos.pexels.com/video-files/6463890/6463890-hd_1280_720_25fps.mp4",
      "media_type": "video"
    }
  },
  {
    "id": "d9683768",
    "type": "headline",
    "main_heading": "Test AI News",
    "content_text": "Automated test item",
    "display_duration": 15,
    "timestamp": 1764220808,
    "extra_data": {
      "video_url": "https://videos.pexels.com/video-files/6463890/6463890-hd_1280_720_25fps.mp4",
      "media_url": "https://videos.pexels.com/video-files/6463890/6463890-hd_1280_720_25fps.mp4",
      "media_type": "video"
    }
  },
  {
    "id": "50df8870",
    "type": "headline",
    "main_heading": "Test AI News",
    "content_text": "Automated test item",
    "display_duration": 15,
    "timestamp": 1764221407,
    "extra_data": {
      "video_url": "https://videos.pexels.com/video-files/6463890/6463890-hd_1280_720_25fps.mp4",
      "media_url": "https://videos.pexels.com/video-files/6463890/6463890-hd_1280_720_25fps.mp4",
      "media_type": "video"
    }
  },
  {
    "id": "ae9ac79f",
    "type": "headline",
    "main_heading": "Test AI News",
    "content_text": "Automated test item",
    "display_duration": 15,
    "timestamp": 1764222007,
    "extra_data": {
      "video_url": "https://videos.pexels.com/video-files/6463890/6463890-hd_1280_720_25fps.mp4",
      "media_url": "https://videos.pexels.com/video-files/6463890/6463890-hd_1280_720_25fps.mp4",
      "media_type": "video"
    }
  },
  {
    "id": "ee027ba7",
    "type": "headline",
    "main_heading": "Test AI News",
    "content_text": "Automated test item",
    "display_duration": 15,
    "timestamp": 1764222607,
    "extra_data": {
      "video_url": "https://videos.pexels.com/video-files/6463890/6463890-hd_1280_720_25fps.mp4",
      "media_url": "https://videos.pexels.com/video-files/6463890/6463890-hd_1280_720_25fps.mp4",
      "media_type": "video"
    }
  },
  {
    "id": "38919806",
    "type": "headline",
    "main_heading": "Test AI News",
    "content_text": "Automated test item",
    "display_duration": 15,
    "timestamp": 1764223208,
    "extra_data": {
      "video_url": "https://videos.pexels.com/video-files/6463890/6463890-hd_1280_720_25fps.mp4",
      "media_url": "https://videos.pexels.com/video-files/6463890/6463890-hd_1280_720_25fps.mp4",
      "media_type": "video"
    }
  },
  {
    "id": "7dabd4fa",
    "type": "headline",
    "main_heading": "Test AI News",
    "content_text": "Automated test item",
    "display_duration": 15,
    "timestamp": 1764223808,
    "extra_data": {
      "video_url": "https://videos.pexels.com/video-files/6463890/6463890-hd_1280_720_25fps.mp4",
      "media_url": "https://videos.pexels.com/video-files/6463890/6463890-hd_1280_720_25fps.mp4",
      "media_type": "video"
    }
  },
  {
    "id": "48f22b2e",
    "type": "headline",
    "main_heading": "Test AI News",
    "content_text": "Automated test item",
    "display_duration": 15,
    "timestamp": 1764224407,
    "extra_data": {
      "video_url": "https://videos.pexels.com/video-files/6463890/6463890-hd_1280_720_25fps.mp4",
      "media_url": "https://videos.pexels.com/video-files/6463890/6463890-hd_1280_720_25fps.mp4",
      "media_type": "video"
    }
  }
]